Name,Team,G,PA,HR,R,RBI,SB,BB%,K%,ISO,BABIP,AVG,OBP,SLG,wOBA,xwOBA,wRC+,BsR,Off,Def,WAR,playerid
Trea Turner,- - -,148,646,28,107,77,32,6.3%,17.0%,0.208,0.362,0.328,0.375,0.536,0.386,0.357,142,5.0,39.5,7.6,6.9,16252
Vladimir Guerrero Jr.,TOR,161,698,48,123,111,4,12.3%,15.8%,0.290,0.313,0.311,0.401,0.601,0.419,0.413,166,-2.1,54.1,-11.1,6.7,19611
Bryce Harper,PHI,141,599,35,101,84,13,16.7%,22.4%,0.305,0.359,0.309,0.429,0.615,0.431,0.427,170,-2.5,50.7,-4.4,6.6,11579
Marcus Semien,TOR,162,724,45,115,102,15,9.1%,20.2%,0.273,0.276,0.265,0.334,0.538,0.368,0.329,131,4.0,31.5,10.0,6.6,12533
Juan Soto,WSN,151,654,29,111,95,9,22.2%,14.2%,0.221,0.332,0.313,0.465,0.534,0.420,0.426,163,-3.3,48.8,-4.3,6.6,20123
Jose Ramirez,CLE,152,636,36,111,103,27,11.3%,13.7%,0.272,0.256,0.266,0.355,0.538,0.372,0.372,137,6.3,35.4,5.8,6.3,13510
Fernando Tatis Jr.,SDP,130,546,42,99,97,25,11.4%,28.0%,0.328,0.324,0.282,0.364,0.611,0.403,0.401,156,9.3,48.5,-5.3,6.1,19709
Carlos Correa,HOU,148,640,26,104,92,0,11.7%,18.1%,0.205,0.308,0.279,0.366,0.485,0.364,0.372,134,-0.6,26.3,9.6,5.8,14162
Aaron Judge,NYY,148,633,39,89,98,6,11.8%,25.0%,0.256,0.332,0.287,0.373,0.544,0.387,0.413,148,-0.1,37.5,-4.2,5.5,15640
Bryan Reynolds,PIT,159,646,24,93,90,5,11.6%,18.4%,0.220,0.345,0.302,0.390,0.522,0.385,0.382,142,3.0,37.6,-4.4,5.5,19326
Brandon Crawford,SFG,138,549,24,79,90,11,10.2%,19.1%,0.224,0.334,0.298,0.373,0.522,0.377,0.350,139,0.4,27.8,8.6,5.5,5343
Starling Marte,- - -,120,526,12,89,55,47,8.2%,18.8%,0.148,0.369,0.308,0.381,0.456,0.363,0.341,133,12.3,33.9,2.6,5.4,9241
Tyler O'Neill,STL,138,537,34,89,80,15,7.1%,31.3%,0.274,0.366,0.286,0.352,0.560,0.384,0.388,144,4.7,35.1,0.9,5.4,15711
Cedric Mullins II,BAL,159,675,30,91,59,30,8.7%,18.5%,0.228,0.322,0.291,0.360,0.518,0.372,0.343,136,4.8,34.2,-3.9,5.3,17929
Brandon Lowe,TBR,149,615,39,97,99,7,11.1%,27.2%,0.277,0.280,0.247,0.340,0.523,0.363,0.357,137,4.9,32.8,-1.7,5.2,18882
Xander Bogaerts,BOS,144,603,23,90,79,5,10.3%,18.7%,0.198,0.333,0.295,0.370,0.493,0.368,0.356,130,1.2,23.7,7.7,5.2,12161
Jose Altuve,HOU,146,678,31,117,83,5,9.7%,13.4%,0.211,0.280,0.278,0.350,0.489,0.357,0.331,130,2.5,27.2,1.3,5.2,5417
Shohei Ohtani,LAA,158,639,46,103,100,26,15.0%,29.6%,0.335,0.303,0.257,0.372,0.592,0.393,0.405,152,2.5,42.9,-13.6,5.1,19755
Matt Olson,OAK,156,673,39,101,111,4,13.1%,16.8%,0.269,0.269,0.271,0.371,0.540,0.379,0.377,146,0.0,37.8,-10.5,5.0,14344
Buster Posey,SFG,113,454,18,68,56,0,12.3%,19.2%,0.195,0.349,0.304,0.390,0.499,0.379,0.359,140,-2.9,20.4,13.8,4.9,9166
Paul Goldschmidt,STL,158,679,31,102,99,12,9.9%,20.0%,0.221,0.331,0.294,0.365,0.514,0.373,0.394,138,2.3,34.9,-8.2,4.9,9218
Bo Bichette,TOR,159,690,29,121,102,25,5.8%,19.9%,0.186,0.339,0.298,0.343,0.484,0.354,0.353,122,6.9,25.2,0.2,4.9,19612
Max Muncy,LAD,144,592,36,95,94,2,14.0%,20.3%,0.278,0.257,0.249,0.368,0.527,0.379,0.406,140,2.1,32.1,-3.0,4.9,13301
Kyle Tucker,HOU,140,567,30,83,92,14,9.3%,15.9%,0.263,0.304,0.294,0.359,0.557,0.383,0.395,147,2.4,35.2,-6.8,4.8,18345
Rafael Devers,BOS,156,664,38,101,113,5,9.3%,21.5%,0.259,0.307,0.279,0.352,0.538,0.373,0.386,134,0.1,27.6,-3.6,4.7,17350
Will Smith,LAD,130,501,25,71,76,3,11.6%,20.2%,0.237,0.274,0.258,0.365,0.495,0.364,0.359,130,-1.0,18.4,11.1,4.6,19197
Mike Zunino,TBR,109,375,33,64,62,0,9.1%,35.2%,0.342,0.231,0.216,0.301,0.559,0.359,0.350,134,0.6,16.1,16.3,4.5,13265
Yoan Moncada,CHW,144,616,14,74,61,3,13.6%,25.5%,0.148,0.350,0.263,0.375,0.412,0.347,0.348,122,0.3,16.6,7.4,4.5,17232
Freddie Freeman,ATL,159,695,31,120,83,8,12.4%,15.4%,0.203,0.321,0.300,0.393,0.503,0.379,0.411,135,3.3,34.4,-12.6,4.5,5361
J.T. Realmuto,PHI,134,537,17,64,73,13,8.9%,24.0%,0.176,0.325,0.263,0.343,0.439,0.336,0.325,108,5.5,10.9,15.4,4.4,11739
Jake Cronenworth,SDP,152,643,21,94,71,4,8.6%,14.0%,0.194,0.283,0.266,0.340,0.460,0.341,0.342,116,2.1,15.3,7.4,4.4,18036
Manny Machado,SDP,153,640,28,92,106,12,9.8%,15.9%,0.211,0.290,0.278,0.347,0.489,0.350,0.376,122,-2.1,15.8,6.9,4.4,11493
Nicky Lopez,KCR,151,565,2,78,43,22,8.7%,13.1%,0.078,0.347,0.300,0.365,0.378,0.329,0.281,106,8.2,12.6,11.7,4.4,19339
Tim Anderson,CHW,123,551,17,94,61,18,4.0%,21.6%,0.159,0.372,0.309,0.338,0.469,0.345,0.319,120,6.1,19.6,4.5,4.3,15172
Ronald Acuna Jr.,ATL,82,360,24,72,52,17,13.6%,23.6%,0.313,0.311,0.283,0.394,0.596,0.412,0.425,157,3.8,29.7,0.4,4.2,18401
Austin Riley,ATL,160,662,33,91,107,0,7.9%,25.4%,0.227,0.368,0.303,0.367,0.531,0.379,0.361,135,-4.1,25.7,-6.0,4.2,18360
Nick Castellanos,CIN,138,585,34,95,100,3,7.0%,20.7%,0.267,0.340,0.309,0.362,0.576,0.391,0.371,140,-0.5,29.6,-7.4,4.2,11737
Byron Buxton,MIN,61,254,19,50,32,9,5.1%,24.4%,0.340,0.344,0.306,0.358,0.647,0.419,0.398,169,4.4,25.9,6.9,4.2,14161
Ozzie Albies,ATL,156,686,30,103,106,20,6.9%,18.7%,0.229,0.278,0.259,0.310,0.488,0.336,0.329,107,8.3,14.4,4.4,4.2,16556
Willy Adames,- - -,140,555,25,77,73,5,10.3%,28.1%,0.219,0.331,0.262,0.337,0.481,0.349,0.322,119,0.2,13.8,8.3,4.1,15986
Nolan Arenado,STL,157,653,34,81,105,2,7.7%,14.7%,0.239,0.249,0.255,0.312,0.494,0.336,0.309,113,-0.4,10.7,7.8,4.0,9777
Justin Turner,LAD,151,612,27,87,87,3,10.0%,16.0%,0.193,0.292,0.278,0.361,0.471,0.358,0.357,127,-1.0,19.8,-0.1,4.0,5235
Enrique Hernandez,BOS,134,585,20,84,60,1,10.4%,18.8%,0.199,0.278,0.250,0.337,0.449,0.338,0.344,110,3.0,10.2,9.3,4.0,10472
Jonathan India,CIN,150,631,21,98,69,12,11.3%,22.3%,0.190,0.326,0.269,0.376,0.459,0.363,0.353,122,-0.9,16.6,1.9,3.9,21523
Jorge Polanco,MIN,152,644,33,97,98,11,7.0%,18.3%,0.235,0.282,0.269,0.323,0.503,0.349,0.346,122,3.1,20.6,-3.3,3.9,13152
Teoscar Hernandez,TOR,143,595,32,92,116,12,6.1%,24.9%,0.227,0.352,0.296,0.346,0.524,0.369,0.365,132,2.3,25.5,-6.9,3.9,13066
Mookie Betts,LAD,122,550,23,93,58,10,12.4%,15.6%,0.223,0.276,0.264,0.367,0.487,0.365,0.354,131,-1.2,20.7,-0.1,3.9,13611
Yasmani Grandal,CHW,93,375,23,60,62,0,23.2%,21.9%,0.280,0.246,0.240,0.420,0.520,0.402,0.412,159,-4.7,22.3,2.1,3.7,11368
Myles Straw,- - -,158,638,4,86,48,30,10.5%,19.0%,0.076,0.336,0.271,0.349,0.348,0.311,0.300,98,6.1,4.3,10.9,3.7,17620
Corey Seager,LAD,95,409,16,54,57,1,11.7%,16.1%,0.215,0.336,0.306,0.394,0.521,0.389,0.392,147,-1.9,22.4,0.8,3.7,13624
Yordan Alvarez,HOU,144,598,33,92,104,1,8.4%,24.2%,0.253,0.320,0.277,0.346,0.531,0.370,0.384,138,0.5,28.6,-12.5,3.7,19556
Joey Votto,CIN,129,533,36,73,99,1,14.4%,23.8%,0.297,0.287,0.266,0.375,0.563,0.391,0.404,140,0.4,27.8,-9.1,3.7,4314
Javier Baez,- - -,138,547,31,80,87,18,5.1%,33.6%,0.229,0.352,0.265,0.319,0.494,0.344,0.320,116,3.0,14.1,4.2,3.6,12979
Kris Bryant,- - -,144,586,25,86,73,10,10.6%,23.0%,0.216,0.313,0.265,0.353,0.481,0.356,0.342,123,5.4,22.5,-6.3,3.6,15429
Trevor Story,COL,142,595,24,88,75,20,8.9%,23.4%,0.221,0.293,0.251,0.329,0.471,0.341,0.333,100,6.4,6.1,9.6,3.5,12564
Joey Gallo,- - -,153,616,38,90,77,6,18.0%,34.6%,0.259,0.246,0.199,0.351,0.458,0.348,0.351,123,4.2,21.2,-6.9,3.5,14128
Ty France,SEA,152,650,18,85,73,0,7.1%,16.3%,0.154,0.327,0.291,0.368,0.445,0.353,0.343,129,-2.7,20.6,-8.0,3.5,17982
Brandon Nimmo,NYM,92,386,8,51,28,5,14.0%,20.5%,0.145,0.366,0.292,0.401,0.437,0.369,0.345,137,-0.9,17.3,4.4,3.5,12927
Matt Chapman,OAK,151,622,27,75,72,3,12.9%,32.5%,0.193,0.272,0.210,0.314,0.403,0.311,0.320,101,2.0,2.5,10.8,3.4,16505
Adam Frazier,- - -,155,639,5,83,43,10,7.5%,10.8%,0.106,0.339,0.305,0.368,0.411,0.341,0.323,114,-0.1,11.2,2.0,3.4,15223
Harrison Bader,STL,103,401,16,45,50,9,6.7%,21.2%,0.193,0.306,0.267,0.324,0.460,0.331,0.292,110,2.5,7.6,12.9,3.4,18030
Yuli Gurriel,HOU,143,605,15,83,81,1,9.8%,11.2%,0.143,0.336,0.319,0.383,0.462,0.363,0.324,134,-1.6,23.6,-10.7,3.4,19198
Salvador Perez,KCR,161,665,48,88,121,1,4.2%,25.6%,0.271,0.298,0.273,0.316,0.544,0.359,0.369,127,-0.8,21.2,-10.3,3.4,7304
Brandon Belt,SFG,97,381,29,65,59,3,12.6%,27.0%,0.323,0.309,0.274,0.378,0.597,0.406,0.368,158,-2.1,26.2,-5.4,3.3,10264
Randy Arozarena,TBR,141,604,20,94,69,20,9.3%,28.1%,0.185,0.363,0.274,0.356,0.459,0.350,0.299,128,1.5,22.0,-9.6,3.3,19290
Sean Murphy,OAK,119,448,17,47,59,0,8.9%,25.4%,0.188,0.257,0.216,0.306,0.405,0.309,0.333,99,-1.2,-1.7,19.1,3.3,19352
Whit Merrifield,KCR,162,720,10,97,74,40,5.6%,14.3%,0.117,0.309,0.277,0.317,0.395,0.306,0.300,91,7.4,-0.3,8.3,3.3,11281
Jesse Winker,CIN,110,485,24,77,71,1,10.9%,15.5%,0.251,0.324,0.305,0.394,0.556,0.403,0.387,148,-6.5,23.3,-7.4,3.2,13590
Luis Robert,CHW,68,296,13,42,43,6,4.7%,20.6%,0.229,0.394,0.338,0.378,0.567,0.399,0.378,157,1.4,21.9,-0.1,3.2,20043
Jeimer Candelario,DET,149,626,16,75,67,0,10.4%,21.6%,0.172,0.333,0.271,0.351,0.443,0.344,0.354,119,1.0,15.3,-4.7,3.2,13621
Dansby Swanson,ATL,160,653,27,78,88,9,8.0%,25.6%,0.201,0.297,0.248,0.311,0.449,0.322,0.327,98,3.4,2.0,8.1,3.2,18314
J.P. Crawford,SEA,160,687,9,89,54,3,8.4%,16.6%,0.103,0.320,0.273,0.338,0.376,0.314,0.297,103,-2.7,-0.2,8.1,3.1,15491
Chris Taylor,LAD,148,582,20,92,73,13,10.8%,28.7%,0.183,0.337,0.254,0.344,0.438,0.338,0.327,113,6.5,16.5,-5.0,3.1,13757
Kyle Schwarber,- - -,113,471,32,76,71,1,13.6%,27.0%,0.288,0.306,0.266,0.374,0.554,0.392,0.396,145,-1.6,24.8,-10.0,3.1,16478
Pete Alonso,NYM,152,637,37,81,94,3,9.4%,19.9%,0.257,0.274,0.262,0.344,0.519,0.363,0.373,133,-5.1,21.6,-12.7,3.0,19251
Eduardo Escobar,- - -,146,599,28,77,90,1,8.0%,20.7%,0.219,0.279,0.253,0.314,0.472,0.334,0.324,107,0.4,5.4,4.6,3.0,6153
A.J. Pollock,LAD,117,422,21,53,69,9,7.1%,19.0%,0.240,0.326,0.297,0.355,0.536,0.375,0.360,137,0.6,20.7,-4.9,3.0,9256
Kolten Wong,MIL,116,492,14,70,50,12,6.3%,16.9%,0.175,0.305,0.272,0.335,0.447,0.337,0.308,109,1.4,6.8,6.3,2.9,12532
Avisail Garcia,MIL,135,515,29,68,86,8,7.4%,23.5%,0.228,0.291,0.262,0.330,0.490,0.346,0.363,115,-0.5,9.0,3.1,2.9,5760
Max Stassi,LAA,87,319,13,45,35,0,8.8%,31.7%,0.184,0.325,0.241,0.326,0.426,0.327,0.317,107,-1.4,1.2,17.1,2.9,10059
Ketel Marte,ARI,90,374,14,52,50,2,8.3%,16.0%,0.215,0.352,0.318,0.377,0.532,0.385,0.368,139,-0.4,18.2,-1.7,2.9,13613
Jose Abreu,CHW,152,659,30,86,117,1,9.3%,21.7%,0.219,0.293,0.261,0.351,0.481,0.354,0.346,126,-4.5,16.7,-10.5,2.9,15676
J.D. Martinez,BOS,148,634,28,92,99,0,8.7%,23.7%,0.232,0.340,0.286,0.349,0.518,0.364,0.371,128,-3.1,18.4,-11.4,2.9,6184
Adolis Garcia,TEX,149,622,31,77,90,16,5.1%,31.2%,0.212,0.306,0.243,0.286,0.454,0.314,0.295,100,-1.4,-1.8,9.1,2.9,19287
Mitch Haniger,SEA,157,691,39,110,100,1,7.8%,24.5%,0.232,0.281,0.253,0.318,0.485,0.340,0.351,120,-1.4,15.9,-11.2,2.8,14274
Omar Narvaez,MIL,123,445,11,54,49,0,9.2%,18.9%,0.136,0.308,0.266,0.342,0.402,0.322,0.302,99,-2.5,-3.0,16.3,2.8,13338
Miguel Rojas,MIA,132,539,9,66,48,13,6.9%,13.7%,0.127,0.295,0.265,0.322,0.392,0.311,0.291,97,1.5,-0.3,10.3,2.8,7802
Dylan Carlson,STL,149,619,18,79,65,2,9.2%,24.6%,0.172,0.332,0.266,0.343,0.437,0.336,0.318,113,0.1,10.6,-3.5,2.8,20126
Jared Walsh,LAA,144,585,29,70,98,2,8.2%,26.0%,0.232,0.335,0.277,0.340,0.509,0.357,0.323,127,-1.1,18.4,-10.8,2.8,18607
Tony Kemp,OAK,131,397,8,54,37,8,13.1%,12.8%,0.139,0.304,0.279,0.382,0.418,0.351,0.318,127,3.8,17.2,-3.6,2.7,14894
Amed Rosario,CLE,141,588,11,77,57,13,5.3%,20.4%,0.127,0.340,0.282,0.321,0.409,0.315,0.296,99,1.2,0.6,6.3,2.7,15518
Robbie Grossman,DET,156,671,23,88,67,20,14.6%,23.1%,0.176,0.286,0.239,0.357,0.415,0.337,0.332,114,2.0,13.5,-9.5,2.7,5254
Luis Urias,MIL,150,570,23,77,75,5,11.1%,20.4%,0.196,0.280,0.249,0.345,0.445,0.340,0.331,111,-0.7,7.3,0.5,2.7,16622
Francisco Lindor,NYM,125,524,20,73,63,10,11.1%,18.3%,0.181,0.248,0.230,0.322,0.412,0.317,0.341,103,2.0,4.1,5.2,2.7,12916
Giancarlo Stanton,NYY,139,579,35,64,97,0,10.9%,27.1%,0.243,0.324,0.273,0.354,0.516,0.370,0.357,137,-7.0,19.0,-12.4,2.6,4949
Joey Wendle,TBR,136,501,11,73,54,8,5.6%,22.6%,0.157,0.327,0.265,0.319,0.422,0.317,0.281,106,-0.2,3.3,5.7,2.6,13853
Mark Canha,OAK,141,625,17,93,61,12,12.3%,20.5%,0.156,0.274,0.231,0.358,0.387,0.333,0.332,115,2.0,13.6,-9.0,2.6,11445
Jacob Stallings,PIT,112,427,8,38,53,0,11.5%,19.9%,0.123,0.297,0.246,0.335,0.369,0.312,0.315,95,-1.9,-4.8,16.4,2.6,13723
Ryan McMahon,COL,151,596,23,80,86,6,9.9%,24.7%,0.195,0.306,0.254,0.331,0.449,0.334,0.324,95,-1.6,-5.4,11.0,2.5,15112
Darin Ruf,SFG,117,312,16,41,43,2,14.7%,27.9%,0.248,0.344,0.271,0.385,0.519,0.384,0.376,144,-1.0,16.5,-1.6,2.5,9929
Wander Franco,TBR,70,308,7,53,39,2,7.8%,12.0%,0.174,0.311,0.288,0.347,0.463,0.348,0.330,127,3.1,13.1,1.4,2.5,23667
Kevin Kiermaier,TBR,122,390,4,54,37,9,8.5%,25.4%,0.129,0.345,0.259,0.328,0.388,0.310,0.279,101,2.2,2.7,8.8,2.5,11038
Jean Segura,PHI,131,567,14,76,58,9,6.9%,13.8%,0.146,0.317,0.290,0.348,0.436,0.338,0.316,109,-1.2,5.4,0.5,2.5,5933
Kyle Seager,SEA,159,670,35,73,101,3,8.8%,24.0%,0.226,0.226,0.212,0.285,0.438,0.308,0.318,99,-1.9,-3.0,4.9,2.5,9785
DJ LeMahieu,NYY,150,679,10,84,57,4,10.8%,13.8%,0.094,0.301,0.268,0.349,0.362,0.315,0.338,100,-1.7,-1.9,3.1,2.4,9874
George Springer,TOR,78,342,22,59,50,4,10.8%,23.1%,0.291,0.286,0.264,0.352,0.555,0.381,0.357,140,-1.2,15.6,-3.1,2.4,12856
Adam Duvall,- - -,146,555,38,67,113,5,6.3%,31.4%,0.263,0.260,0.228,0.281,0.491,0.324,0.325,103,-2.4,0.0,5.4,2.4,10950
Austin Hays,BAL,131,529,22,73,71,4,5.3%,20.2%,0.205,0.286,0.256,0.308,0.461,0.328,0.315,106,-0.3,3.8,1.7,2.4,19363
C.J. Cron,COL,142,547,28,70,92,1,11.0%,21.4%,0.249,0.316,0.281,0.375,0.530,0.383,0.363,127,-3.2,15.6,-10.3,2.3,12546
Tommy Edman,STL,159,691,11,91,56,30,5.5%,13.7%,0.125,0.291,0.262,0.308,0.387,0.301,0.316,91,8.0,-0.4,0.8,2.3,19470
Rhys Hoskins,PHI,107,443,27,64,71,3,10.6%,24.4%,0.283,0.270,0.247,0.334,0.530,0.364,0.375,127,-1.5,13.6,-4.9,2.3,16472
Isiah Kiner-Falefa,TEX,158,677,8,74,53,20,4.1%,13.3%,0.087,0.304,0.271,0.312,0.357,0.293,0.292,85,4.2,-8.2,8.1,2.3,16512
Mike Trout,LAA,36,146,8,23,18,2,18.5%,28.1%,0.291,0.456,0.333,0.466,0.624,0.451,0.421,190,1.5,17.7,0.1,2.3,10155
Patrick Wisdom,CHC,106,375,28,54,61,4,8.5%,40.8%,0.287,0.318,0.231,0.305,0.518,0.346,0.319,115,-0.6,6.6,3.5,2.3,13602
Mike Yastrzemski,SFG,139,532,25,75,71,4,9.6%,24.6%,0.233,0.254,0.224,0.311,0.457,0.326,0.314,106,3.9,8.0,-3.1,2.2,14854
Cesar Hernandez,- - -,149,637,21,84,62,1,9.3%,21.2%,0.154,0.266,0.232,0.308,0.386,0.302,0.307,90,0.8,-6.8,7.0,2.2,10556
Josh Donaldson,MIN,135,543,26,73,72,0,13.6%,21.0%,0.228,0.268,0.247,0.352,0.475,0.353,0.385,124,-4.3,12.0,-8.5,2.2,5038
Santiago Espinal,TOR,92,246,2,32,17,6,8.9%,12.2%,0.095,0.353,0.311,0.376,0.405,0.344,0.311,115,2.3,6.8,6.6,2.2,19997
Jonathan Villar,NYM,142,505,18,63,42,14,9.1%,26.1%,0.167,0.313,0.249,0.322,0.416,0.320,0.305,105,3.6,6.8,-2.1,2.1,10071
Steven Duggar,SFG,107,297,8,45,35,7,9.1%,29.6%,0.179,0.355,0.257,0.330,0.437,0.327,0.306,107,3.7,6.3,5.1,2.1,17719
Andrew Benintendi,KCR,134,538,17,63,73,8,6.7%,18.0%,0.166,0.309,0.276,0.324,0.442,0.328,0.329,106,-0.1,3.9,-0.9,2.1,17901
Ramon Laureano,OAK,88,378,14,43,39,12,7.1%,25.9%,0.196,0.304,0.246,0.317,0.443,0.327,0.333,111,0.1,5.4,3.0,2.1,17128
Michael Brantley,HOU,121,508,8,68,47,1,6.5%,10.4%,0.126,0.337,0.311,0.362,0.437,0.347,0.360,123,-1.2,13.0,-9.1,2.1,4106
Mitch Garver,MIN,68,243,13,29,34,1,12.8%,29.2%,0.261,0.320,0.256,0.358,0.517,0.372,0.382,137,-0.1,11.0,1.9,2.1,15161
Willson Contreras,CHC,128,483,21,61,57,5,10.8%,28.6%,0.201,0.298,0.237,0.340,0.438,0.337,0.345,109,-3.7,1.8,3.2,2.1,11609
Trent Grisham,SDP,132,527,15,61,62,13,10.2%,22.6%,0.171,0.292,0.242,0.327,0.413,0.320,0.306,103,2.0,3.9,-0.7,2.1,18564
Frank Schwindel,- - -,64,259,14,44,43,2,6.2%,15.8%,0.264,0.348,0.326,0.371,0.591,0.403,0.323,152,-0.9,16.4,-4.4,2.1,15351
Josh Rojas,ARI,139,550,11,69,44,9,10.5%,24.9%,0.147,0.345,0.264,0.341,0.411,0.327,0.295,102,4.6,5.9,-3.9,2.0,19734
Alex Bregman,HOU,91,400,12,54,55,1,11.0%,13.3%,0.152,0.286,0.270,0.355,0.422,0.336,0.331,115,-2.2,5.4,1.1,2.0,17678
Austin Meadows,TBR,142,591,27,79,106,4,10.0%,20.6%,0.224,0.249,0.234,0.315,0.458,0.327,0.324,113,-1.7,7.5,-7.6,2.0,15672
Alex Verdugo,BOS,146,604,13,88,63,6,8.4%,15.9%,0.138,0.327,0.289,0.351,0.426,0.334,0.340,107,2.0,7.5,-8.0,2.0,17027
Tyler Stephenson,CIN,132,402,10,56,45,0,10.2%,18.7%,0.146,0.333,0.286,0.366,0.431,0.346,0.323,111,-2.1,3.5,2.8,2.0,17988
Daulton Varsho,ARI,95,315,11,41,38,6,9.5%,21.3%,0.190,0.286,0.246,0.318,0.437,0.322,0.324,98,5.0,4.3,4.9,2.0,19918
Nelson Cruz,- - -,140,584,32,79,86,3,8.7%,21.6%,0.232,0.286,0.265,0.334,0.497,0.346,0.357,122,-1.9,14.0,-14.3,2.0,2434
Leury Garcia,CHW,126,474,5,60,54,6,8.6%,20.5%,0.108,0.333,0.267,0.335,0.376,0.312,0.290,98,3.4,2.3,1.1,2.0,5913
Akil Baddoo,DET,124,461,13,60,55,18,9.8%,26.5%,0.177,0.335,0.259,0.330,0.436,0.329,0.307,108,3.9,8.5,-5.0,1.9,22168
Chas McCormick,HOU,108,320,14,47,50,4,7.8%,32.5%,0.190,0.341,0.257,0.319,0.447,0.327,0.311,109,-0.4,3.3,4.7,1.9,19599
Michael A. Taylor,KCR,142,528,12,58,54,14,6.3%,27.3%,0.112,0.319,0.244,0.297,0.356,0.286,0.297,77,0.3,-14.4,15.1,1.9,11489
Max Kepler,MIN,121,490,19,61,54,10,11.0%,19.6%,0.202,0.225,0.211,0.306,0.413,0.309,0.344,95,5.0,2.0,-0.1,1.9,12144
Yandy Diaz,TBR,134,541,13,62,64,1,12.8%,15.7%,0.131,0.286,0.256,0.353,0.387,0.325,0.331,111,-2.2,5.0,-5.1,1.8,16578
Hunter Renfroe,BOS,144,572,31,89,96,1,7.7%,22.7%,0.242,0.284,0.259,0.315,0.501,0.344,0.351,114,-2.6,7.3,-8.6,1.8,15464
Luis Arraez,MIN,121,479,2,58,42,2,9.0%,10.0%,0.082,0.323,0.294,0.357,0.376,0.321,0.334,103,0.7,2.5,-0.6,1.8,18568
Austin Slater,SFG,129,306,12,39,32,15,9.2%,27.5%,0.182,0.303,0.241,0.320,0.423,0.321,0.335,103,2.4,3.4,4.0,1.8,16153
Lorenzo Cain,MIL,78,286,8,40,36,13,9.1%,16.8%,0.144,0.287,0.257,0.329,0.401,0.319,0.310,97,4.0,2.9,5.1,1.8,9077
Carson Kelly,ARI,98,359,13,41,46,0,12.3%,20.6%,0.171,0.270,0.240,0.343,0.411,0.328,0.343,103,-1.0,0.1,5.2,1.7,13620
Alcides Escobar,WSN,75,349,4,53,28,3,4.9%,16.0%,0.116,0.337,0.288,0.340,0.404,0.325,0.307,100,2.4,2.6,3.0,1.7,6310
Evan Longoria,SFG,81,291,13,45,46,1,12.0%,23.4%,0.221,0.305,0.261,0.351,0.482,0.352,0.350,123,-1.8,6.7,0.6,1.7,9368
Brett Phillips,TBR,119,292,13,50,44,14,11.3%,38.7%,0.213,0.295,0.202,0.297,0.415,0.307,0.280,99,3.5,3.2,3.6,1.7,14735
Gleyber Torres,NYY,127,516,9,50,51,14,9.7%,20.2%,0.107,0.314,0.259,0.331,0.366,0.307,0.330,94,0.2,-3.5,2.5,1.7,16997
Ramon Urias,BAL,85,296,7,33,38,1,9.5%,25.7%,0.134,0.369,0.279,0.361,0.412,0.341,0.341,115,0.4,5.7,0.7,1.6,18795
Kyle Farmer,CIN,147,529,16,60,63,2,4.2%,18.3%,0.153,0.296,0.263,0.316,0.416,0.316,0.299,91,-1.5,-7.2,6.2,1.6,14813
Rafael Ortega,CHC,103,330,11,44,33,12,9.1%,21.2%,0.172,0.349,0.291,0.360,0.463,0.355,0.309,120,0.3,8.8,-3.4,1.6,10323
Brendan Rodgers,COL,102,415,15,49,51,0,4.6%,20.2%,0.186,0.328,0.284,0.328,0.470,0.341,0.308,100,-0.3,-0.5,3.2,1.6,17907
Edmundo Sosa,STL,113,326,6,39,27,4,5.2%,19.3%,0.118,0.326,0.271,0.346,0.389,0.322,0.320,104,-1.0,0.8,4.8,1.6,17022
Anthony Rizzo,- - -,141,576,22,73,61,6,9.0%,15.1%,0.192,0.258,0.248,0.344,0.440,0.339,0.342,112,-1.8,6.9,-10.1,1.6,3473
Elias Diaz,COL,106,371,18,52,44,0,8.1%,16.2%,0.219,0.249,0.246,0.310,0.464,0.330,0.315,92,-4.4,-8.0,11.7,1.6,11680
Jazz Chisholm Jr.,MIA,124,507,18,70,53,23,6.7%,28.6%,0.177,0.319,0.248,0.303,0.425,0.312,0.304,98,3.3,2.1,-3.0,1.6,20454
LaMonte Wade Jr.,SFG,109,381,18,52,56,6,8.7%,23.4%,0.229,0.289,0.253,0.326,0.482,0.343,0.345,117,-0.9,7.4,-4.3,1.6,18126
Yan Gomes,- - -,103,375,14,49,52,0,5.1%,20.8%,0.169,0.287,0.252,0.301,0.421,0.308,0.337,93,-0.9,-4.2,7.3,1.6,9627
Paul DeJong,STL,113,402,19,44,45,4,8.7%,25.6%,0.194,0.216,0.197,0.284,0.390,0.293,0.311,86,0.5,-6.8,9.1,1.6,18015
Nate Lowe,TEX,157,642,18,75,72,8,12.5%,25.2%,0.151,0.339,0.264,0.357,0.415,0.337,0.321,115,-2.2,9.5,-15.8,1.6,19566
Freddy Galvis,- - -,104,394,14,53,40,1,6.9%,19.5%,0.166,0.269,0.242,0.302,0.407,0.305,0.281,90,0.9,-4.0,6.2,1.6,6609
J.D. Davis,NYM,73,211,5,18,23,1,11.4%,32.2%,0.151,0.426,0.285,0.384,0.436,0.357,0.339,130,0.4,8.3,0.2,1.6,16219
Lourdes Gurriel Jr.,TOR,141,541,21,62,84,1,5.9%,18.9%,0.190,0.305,0.276,0.319,0.466,0.333,0.333,107,-2.0,3.0,-5.9,1.5,19238
Josh Harrison,- - -,138,558,8,58,60,9,5.6%,13.4%,0.121,0.313,0.279,0.341,0.400,0.325,0.331,103,-0.5,1.9,-5.2,1.5,8202
Ke'Bryan Hayes,PIT,96,396,6,49,38,9,7.8%,22.0%,0.116,0.321,0.257,0.316,0.373,0.301,0.296,88,0.9,-5.2,7.4,1.5,18577
Christian Yelich,MIL,117,475,9,70,51,9,14.7%,23.8%,0.125,0.321,0.248,0.362,0.373,0.325,0.335,101,1.8,2.2,-2.8,1.5,11477
Manny Pina,MIL,75,208,13,27,33,0,10.6%,18.3%,0.250,0.162,0.189,0.293,0.439,0.315,0.328,95,-0.2,-1.7,9.8,1.5,2829
Tommy Pham,SDP,155,561,15,74,49,14,13.9%,22.8%,0.154,0.280,0.229,0.340,0.383,0.318,0.351,102,1.1,2.2,-5.7,1.5,2967
Matt Duffy,CHC,97,322,5,45,30,8,7.8%,19.6%,0.093,0.351,0.287,0.357,0.381,0.327,0.326,102,-1.5,-0.4,4.6,1.5,13836
Charlie Blackmon,COL,150,582,13,76,78,3,9.3%,15.6%,0.140,0.305,0.270,0.351,0.411,0.333,0.354,94,1.4,-2.8,-1.7,1.5,7859
Jonathan Schoop,DET,156,674,22,85,84,2,5.5%,19.7%,0.157,0.317,0.278,0.320,0.435,0.324,0.309,105,-2.1,2.0,-10.3,1.5,11265
Gary Sanchez,NYY,117,440,23,54,54,0,11.8%,27.5%,0.219,0.230,0.204,0.307,0.423,0.314,0.334,99,-3.5,-3.8,3.5,1.5,11442
Tyrone Taylor,MIL,93,271,12,33,43,6,7.4%,21.8%,0.210,0.277,0.247,0.321,0.457,0.333,0.312,106,0.5,2.5,3.0,1.5,13675
Ryan Mountcastle,BAL,144,586,33,77,89,4,7.0%,27.5%,0.232,0.297,0.255,0.309,0.487,0.335,0.325,111,-1.2,6.6,-12.2,1.4,18373
Wil Myers,SDP,146,500,17,56,63,8,10.8%,28.2%,0.179,0.333,0.256,0.334,0.434,0.330,0.294,109,0.5,6.5,-9.0,1.4,10047
Danny Jansen,TOR,70,205,11,32,28,0,8.3%,21.5%,0.250,0.233,0.223,0.299,0.473,0.329,0.331,105,-0.5,0.7,6.4,1.4,16535
Francisco Mejia,TBR,84,277,6,31,35,0,6.1%,17.7%,0.156,0.299,0.260,0.322,0.416,0.320,0.285,108,-0.5,2.0,2.5,1.4,16403
Brett Gardner,NYY,140,461,10,47,39,4,13.0%,21.7%,0.140,0.269,0.222,0.327,0.362,0.305,0.289,93,3.3,-0.6,-1.3,1.4,9927
Connor Joe,COL,63,211,8,23,35,0,12.3%,19.4%,0.184,0.323,0.285,0.379,0.469,0.366,0.369,116,1.1,5.4,1.4,1.4,16572
Tyler Naquin,CIN,127,454,19,52,70,5,7.7%,23.3%,0.207,0.318,0.270,0.333,0.477,0.345,0.337,110,-0.8,5.1,-6.3,1.4,13359
Josh Bell,WSN,144,568,27,75,88,0,11.4%,17.8%,0.215,0.276,0.261,0.347,0.476,0.352,0.361,118,-6.0,7.1,-12.2,1.4,13145
Manuel Margot,TBR,125,464,10,55,57,13,8.0%,15.1%,0.128,0.281,0.254,0.313,0.382,0.301,0.316,95,1.6,-1.2,-0.9,1.4,14712
Reese McGuire,TOR,78,217,1,22,10,0,6.9%,20.3%,0.091,0.318,0.253,0.310,0.343,0.289,0.281,78,0.8,-5.1,11.2,1.3,15674
Franmil Reyes,CLE,115,466,30,57,85,4,9.2%,32.0%,0.268,0.314,0.254,0.324,0.522,0.354,0.351,125,-5.8,8.7,-11.2,1.3,14566
Nick Madrigal,CHW,54,215,2,30,21,1,5.1%,7.9%,0.120,0.324,0.305,0.349,0.425,0.335,0.286,113,1.2,4.7,1.3,1.3,20521
Ian Happ,CHC,148,535,25,63,66,9,11.6%,29.2%,0.209,0.281,0.226,0.323,0.434,0.328,0.317,103,0.2,2.4,-6.8,1.3,17919
Brian Anderson,MIA,67,264,7,24,28,5,9.8%,24.6%,0.129,0.317,0.249,0.337,0.378,0.314,0.297,99,0.4,0.2,3.7,1.3,18289
Wilmer Flores,SFG,139,436,18,57,53,1,9.4%,12.8%,0.185,0.264,0.262,0.335,0.447,0.337,0.311,113,-4.0,3.4,-5.3,1.2,5827
Jesus Aguilar,MIA,131,510,22,49,93,0,9.0%,18.2%,0.198,0.279,0.261,0.329,0.459,0.334,0.329,112,-3.4,4.4,-8.9,1.2,11342
Abraham Toro,- - -,95,375,11,45,46,6,8.3%,14.4%,0.134,0.254,0.239,0.315,0.373,0.303,0.318,95,-0.1,-2.5,2.0,1.2,19844
Andrew McCutchen,PHI,144,574,27,78,80,6,14.1%,23.0%,0.222,0.242,0.222,0.334,0.444,0.335,0.341,107,1.5,6.8,-13.6,1.2,9847
Tucker Barnhart,CIN,116,388,7,41,48,0,7.5%,25.8%,0.121,0.324,0.247,0.317,0.368,0.300,0.264,81,-0.1,-9.4,8.6,1.2,10200
Christian Arroyo,BOS,57,181,6,22,25,1,4.4%,24.3%,0.183,0.325,0.262,0.324,0.445,0.332,0.298,106,1.5,2.9,2.8,1.2,16434
Ben Gamel,- - -,122,400,8,43,26,3,12.8%,26.3%,0.141,0.329,0.247,0.347,0.388,0.322,0.314,101,-0.5,0.2,-1.6,1.2,12160
Adam Engel,CHW,39,140,7,21,18,7,7.9%,22.1%,0.244,0.279,0.252,0.336,0.496,0.354,0.339,127,1.0,5.5,1.5,1.2,15082
Nick Solak,TEX,127,511,11,57,49,7,6.7%,20.9%,0.120,0.292,0.242,0.314,0.362,0.299,0.294,89,0.4,-6.3,0.1,1.1,19294
Donovan Solano,SFG,101,344,7,35,31,2,7.3%,16.9%,0.124,0.321,0.280,0.344,0.404,0.324,0.334,105,-0.2,2.0,-2.3,1.1,8623
Garrett Cooper,MIA,71,250,9,30,33,1,12.0%,27.2%,0.181,0.374,0.284,0.380,0.465,0.367,0.360,134,-4.0,6.7,-4.1,1.1,15279
David Peralta,ARI,150,538,8,57,63,2,8.6%,17.1%,0.144,0.303,0.259,0.325,0.402,0.314,0.291,93,2.0,-2.5,-4.4,1.1,2136
Jason Castro,HOU,66,179,8,22,21,0,14.0%,30.2%,0.208,0.310,0.235,0.356,0.443,0.347,0.372,123,-1.0,4.1,0.5,1.1,8722
Jake Meyers,HOU,49,163,6,22,28,3,6.1%,30.7%,0.178,0.352,0.260,0.323,0.438,0.328,0.317,111,1.9,4.0,1.1,1.1,20308
Elvis Andrus,OAK,146,541,3,60,37,12,5.7%,15.0%,0.076,0.283,0.243,0.294,0.320,0.270,0.307,72,4.5,-13.8,6.0,1.1,8709
Odubel Herrera,PHI,124,492,13,59,51,6,5.9%,15.7%,0.156,0.285,0.260,0.310,0.416,0.312,0.300,93,0.3,-4.2,-1.5,1.1,11476
Seth Brown,OAK,111,307,20,43,48,4,7.5%,29.0%,0.267,0.230,0.214,0.274,0.480,0.315,0.316,103,0.0,1.0,-0.9,1.1,18171
Jonah Heim,TEX,82,285,10,22,32,3,5.3%,20.4%,0.162,0.210,0.196,0.239,0.358,0.256,0.284,60,-0.9,-14.7,15.6,1.1,16930
Bradley Zimmer,CLE,99,348,8,44,35,15,8.6%,35.1%,0.117,0.347,0.227,0.325,0.344,0.300,0.313,89,2.0,-2.8,1.5,1.1,16221
Jose Iglesias,- - -,137,511,9,65,48,5,4.1%,14.7%,0.120,0.305,0.271,0.309,0.391,0.304,0.296,91,-0.2,-6.1,-0.9,1.0,10231
Eric Haase,DET,98,381,22,48,61,2,6.8%,31.2%,0.228,0.278,0.231,0.286,0.459,0.316,0.319,100,-0.7,-0.8,-1.8,1.0,14111
Andy Ibanez,TEX,76,272,7,31,25,0,5.5%,12.9%,0.158,0.297,0.277,0.321,0.435,0.325,0.315,107,-0.8,1.4,-0.4,1.0,18819
Gavin Lux,LAD,102,381,7,49,46,4,10.8%,21.8%,0.122,0.300,0.242,0.328,0.364,0.303,0.322,91,3.8,-0.6,-1.8,1.0,19955
Jake Rogers,DET,38,127,6,17,17,1,8.7%,36.2%,0.257,0.344,0.239,0.306,0.496,0.339,0.297,115,1.0,3.3,2.4,1.0,19452
Brad Miller,PHI,140,377,20,53,49,3,11.9%,29.7%,0.227,0.276,0.227,0.321,0.453,0.331,0.342,105,0.6,3.1,-5.5,1.0,12775
Yadier Molina,STL,121,473,11,45,66,3,5.1%,16.7%,0.118,0.283,0.252,0.297,0.370,0.290,0.302,83,-5.3,-15.4,9.6,1.0,7007
Gio Urshela,NYY,116,442,14,42,49,1,4.5%,24.7%,0.152,0.329,0.267,0.301,0.419,0.309,0.303,96,-6.0,-8.2,3.0,1.0,10681
Tom Murphy,SEA,97,325,11,35,34,0,12.3%,30.5%,0.148,0.265,0.202,0.304,0.350,0.291,0.289,87,-0.3,-5.3,3.9,1.0,13499
Brandon Marsh,LAA,70,260,2,27,19,6,7.7%,35.0%,0.102,0.403,0.254,0.317,0.356,0.296,0.321,86,3.5,-1.0,1.8,1.0,20202
Austin Nola,SDP,56,194,2,15,29,0,7.2%,9.8%,0.104,0.292,0.272,0.340,0.376,0.316,0.302,100,0.2,0.1,3.0,1.0,15941
Tyler Wade,NYY,103,145,0,31,5,17,11.0%,25.5%,0.055,0.378,0.268,0.354,0.323,0.304,0.247,92,2.8,1.5,2.8,0.9,15730
Aledmys Diaz,HOU,84,319,8,28,45,0,5.0%,19.4%,0.146,0.304,0.259,0.317,0.405,0.311,0.317,99,-2.8,-3.3,1.5,0.9,15937
Ji-Man Choi,TBR,83,305,11,36,45,0,14.8%,28.5%,0.182,0.300,0.229,0.348,0.411,0.334,0.343,117,-0.9,5.6,-6.9,0.9,5452
Eddie Rosario,- - -,111,412,14,42,62,11,6.3%,14.8%,0.177,0.273,0.259,0.305,0.435,0.316,0.314,98,1.1,0.2,-5.1,0.9,12155
Tomas Nido,NYM,58,161,3,16,13,1,3.1%,27.3%,0.105,0.292,0.222,0.261,0.327,0.254,0.292,63,-2.1,-9.8,13.2,0.9,13755
Jed Lowrie,OAK,139,512,14,55,69,0,9.6%,21.1%,0.153,0.289,0.245,0.318,0.398,0.311,0.339,100,-1.6,-1.4,-7.5,0.9,4418
Jace Peterson,MIL,94,302,6,36,31,10,12.6%,22.5%,0.120,0.310,0.247,0.348,0.367,0.318,0.318,97,4.3,3.0,-4.5,0.9,12325
Thairo Estrada,SFG,52,132,7,19,22,1,6.8%,17.4%,0.207,0.286,0.273,0.333,0.479,0.346,0.310,119,1.3,4.5,-0.3,0.9,16426
Nico Hoerner,CHC,44,170,0,13,16,5,10.0%,14.7%,0.067,0.360,0.302,0.382,0.369,0.330,0.317,104,-0.7,0.2,2.7,0.8,21479
Matt Beaty,LAD,120,234,7,35,40,2,8.5%,18.8%,0.132,0.314,0.270,0.363,0.402,0.339,0.306,114,0.4,4.7,-4.3,0.8,17710
Michael Conforto,NYM,125,479,14,52,55,1,12.3%,21.7%,0.153,0.276,0.232,0.344,0.384,0.322,0.350,106,-1.4,2.4,-10.1,0.8,16376
Bryan De La Cruz,MIA,58,219,5,17,19,1,8.2%,24.2%,0.131,0.380,0.296,0.356,0.427,0.339,0.300,115,-1.3,3.0,-2.4,0.8,19600
Austin Barnes,LAD,77,225,6,28,23,1,8.9%,24.9%,0.130,0.268,0.215,0.299,0.345,0.285,0.275,79,0.0,-6.0,6.3,0.8,12158
Andres Gimenez,CLE,68,210,5,23,16,11,5.2%,25.7%,0.133,0.273,0.218,0.282,0.351,0.277,0.263,73,2.6,-4.2,4.7,0.8,19950
Corey Dickerson,- - -,109,365,6,43,29,6,6.8%,18.6%,0.137,0.323,0.271,0.326,0.408,0.317,0.300,100,-1.3,-1.4,-3.2,0.8,10762
Kevin Pillar,NYM,124,347,15,40,47,4,3.2%,23.3%,0.185,0.261,0.231,0.277,0.415,0.297,0.277,90,0.7,-3.6,-0.8,0.7,12434
Bobby Dalbec,BOS,133,453,25,50,78,2,6.2%,34.4%,0.254,0.316,0.240,0.298,0.494,0.334,0.340,107,-0.4,3.7,-12.3,0.7,19966
Alejandro Kirk,TOR,60,189,8,19,24,0,10.1%,11.6%,0.194,0.234,0.242,0.328,0.436,0.330,0.371,106,-1.7,-0.4,0.4,0.7,22581
Trey Mancini,BAL,147,616,21,77,71,0,8.3%,23.2%,0.176,0.308,0.255,0.326,0.432,0.326,0.339,105,-5.3,-1.8,-12.7,0.7,15149
Anthony Santander,BAL,110,438,18,54,50,1,5.3%,23.1%,0.192,0.275,0.241,0.286,0.433,0.307,0.326,92,1.2,-3.3,-5.0,0.7,14551
Anthony Rendon,LAA,58,249,6,24,34,0,11.6%,16.5%,0.143,0.267,0.240,0.329,0.382,0.310,0.306,95,-1.1,-2.5,0.6,0.7,12861
Jorge Alfaro,MIA,92,311,4,22,30,8,3.5%,31.8%,0.098,0.354,0.244,0.283,0.342,0.274,0.288,73,0.0,-10.6,6.7,0.6,12180
Rougned Odor,NYY,102,361,15,42,39,0,7.5%,27.7%,0.177,0.242,0.202,0.286,0.379,0.289,0.284,83,1.6,-6.1,0.2,0.6,12282
Ryan Jeffers,MIN,85,293,14,28,35,0,7.5%,36.9%,0.202,0.269,0.199,0.270,0.401,0.289,0.300,82,-2.3,-8.9,5.3,0.6,24618
Ronald Torreyes,PHI,112,344,7,30,41,2,5.5%,11.9%,0.104,0.258,0.242,0.286,0.346,0.274,0.257,68,1.3,-12.7,7.7,0.6,11400
Jose Trevino,TEX,89,302,5,23,30,1,4.0%,18.9%,0.102,0.279,0.239,0.267,0.340,0.261,0.284,64,-5.5,-18.9,15.0,0.6,16725
Tres Barrera,WSN,30,107,2,8,10,0,11.2%,20.6%,0.121,0.328,0.264,0.374,0.385,0.333,0.311,106,0.1,0.9,1.8,0.6,19977
Jesus Sanchez,MIA,64,251,14,27,36,0,8.0%,31.1%,0.238,0.316,0.251,0.319,0.489,0.339,0.332,116,-2.9,2.1,-4.2,0.6,19913
Adalberto Mondesi,KCR,35,136,6,19,17,15,4.4%,31.6%,0.222,0.299,0.230,0.271,0.452,0.306,0.312,91,2.5,1.0,0.3,0.6,13769
Ha-seong Kim,SDP,117,298,8,27,34,6,7.4%,23.8%,0.150,0.241,0.202,0.270,0.352,0.270,0.264,70,1.4,-9.9,6.0,0.6,27506
Travis d'Arnaud,ATL,60,229,7,21,26,0,7.4%,23.1%,0.167,0.260,0.220,0.284,0.388,0.291,0.310,78,-1.1,-7.5,5.8,0.6,7739
Lars Nootbaar,STL,58,124,5,15,15,2,10.5%,22.6%,0.183,0.273,0.239,0.317,0.422,0.316,0.274,101,1.4,1.5,0.3,0.6,21454
Kyle Higashioka,NYY,67,211,10,20,29,0,8.1%,28.0%,0.207,0.200,0.181,0.246,0.389,0.272,0.335,71,-1.7,-9.2,7.9,0.6,5517
Jack Mayfield,- - -,87,290,10,30,39,5,5.9%,23.4%,0.169,0.254,0.218,0.272,0.387,0.284,0.247,79,0.1,-7.5,3.4,0.6,15402
Hanser Alberto,KCR,103,255,2,25,24,3,1.6%,10.2%,0.133,0.293,0.270,0.291,0.402,0.296,0.291,84,1.4,-3.4,0.4,0.6,11902
Charlie Culberson,TEX,91,271,5,23,22,7,6.3%,23.6%,0.138,0.307,0.243,0.296,0.381,0.292,0.269,85,1.9,-3.2,-0.4,0.6,3298
Oscar Mercado,CLE,72,238,6,27,19,7,8.8%,17.6%,0.145,0.253,0.224,0.300,0.369,0.294,0.275,84,2.7,-1.8,-0.7,0.6,16375
Joc Pederson,- - -,137,481,18,55,61,2,8.1%,24.3%,0.184,0.281,0.238,0.310,0.422,0.315,0.329,94,-1.4,-4.9,-5.5,0.6,11899
Eugenio Suarez,CIN,145,574,31,71,79,0,9.8%,29.8%,0.230,0.224,0.198,0.286,0.428,0.306,0.324,85,-4.1,-15.0,1.6,0.6,12552
Guillermo Heredia,ATL,120,347,5,46,26,0,9.2%,23.3%,0.134,0.282,0.220,0.311,0.354,0.292,0.290,79,3.1,-6.3,0.3,0.6,18721
Nick Maton,PHI,52,131,2,16,14,2,7.6%,29.8%,0.128,0.364,0.256,0.323,0.385,0.309,0.280,91,1.6,0.1,1.1,0.5,21635
Jordan Luplow,- - -,62,193,11,23,28,1,14.5%,29.5%,0.252,0.232,0.202,0.326,0.454,0.337,0.313,116,-1.8,2.0,-3.1,0.5,16424
Yonathan Daza,COL,107,331,2,26,30,2,6.3%,18.1%,0.073,0.346,0.282,0.332,0.355,0.304,0.289,75,-0.3,-10.7,5.2,0.5,15794
Harold Castro,DET,106,339,3,35,37,1,4.1%,21.2%,0.076,0.351,0.283,0.310,0.359,0.291,0.314,83,-0.5,-7.8,1.7,0.5,14691
Lane Thomas,- - -,77,264,7,35,28,6,14.0%,23.9%,0.177,0.293,0.235,0.341,0.412,0.328,0.318,103,-0.7,0.4,-3.8,0.5,16939
Kevin Plawecki,BOS,64,173,3,15,15,0,6.9%,15.0%,0.102,0.328,0.287,0.349,0.389,0.325,0.328,102,-0.9,-0.5,0.0,0.5,13807
Taylor Ward,LAA,65,237,8,33,33,1,8.4%,23.2%,0.188,0.301,0.250,0.332,0.438,0.333,0.343,111,-0.4,2.8,-5.5,0.5,17548
Yonny Hernandez,TEX,43,166,0,15,6,11,10.2%,19.3%,0.035,0.277,0.217,0.315,0.252,0.265,0.288,66,2.1,-4.8,4.4,0.5,19432
Sam Hilliard,COL,81,238,14,32,34,5,9.7%,36.6%,0.248,0.283,0.215,0.294,0.463,0.318,0.306,85,2.5,-2.1,-0.5,0.5,17954
Dom Nunez,COL,81,263,10,31,33,0,12.9%,34.6%,0.211,0.258,0.189,0.293,0.399,0.294,0.259,69,1.8,-8.4,4.9,0.5,15055
Christian Vazquez,BOS,138,498,6,51,49,8,6.6%,16.9%,0.094,0.301,0.258,0.308,0.352,0.289,0.276,77,-5.3,-19.2,7.2,0.5,9774
Jorge Mateo,- - -,89,209,4,19,14,10,4.3%,26.3%,0.129,0.324,0.247,0.293,0.376,0.291,0.284,83,1.9,-2.8,0.6,0.5,17273
Garrett Hampson,COL,147,494,11,69,33,17,6.7%,23.9%,0.146,0.291,0.234,0.289,0.380,0.288,0.288,65,4.2,-17.6,6.1,0.5,19262
Curt Casali,SFG,77,231,5,20,26,0,11.3%,28.6%,0.140,0.287,0.210,0.313,0.350,0.289,0.279,82,-0.2,-5.4,2.5,0.5,12510
James McCann,NYM,121,412,10,29,46,1,7.8%,27.9%,0.117,0.304,0.232,0.294,0.349,0.281,0.282,80,-3.4,-13.8,4.9,0.5,12859
Cam Gallagher,KCR,48,124,1,9,7,0,6.5%,16.1%,0.080,0.293,0.250,0.298,0.330,0.276,0.275,71,0.0,-4.4,4.9,0.5,12981
Jake Fraley,SEA,78,265,9,27,36,10,17.4%,26.8%,0.159,0.265,0.210,0.352,0.369,0.322,0.335,109,0.9,3.7,-8.0,0.5,19260
Robinson Chirinos,CHC,45,112,5,13,15,0,8.0%,32.1%,0.227,0.304,0.227,0.324,0.454,0.336,0.286,108,-1.2,0.0,0.9,0.5,3142
Wilmer Difo,PIT,116,240,4,25,24,1,8.3%,22.5%,0.114,0.340,0.269,0.329,0.384,0.312,0.275,95,1.4,-0.3,-3.0,0.5,14320
Jeff McNeil,NYM,120,426,7,48,35,3,6.8%,13.6%,0.109,0.276,0.249,0.317,0.358,0.298,0.311,91,-1.1,-5.8,-3.6,0.5,15362
Tommy La Stella,SFG,76,242,7,26,27,0,7.4%,10.7%,0.155,0.255,0.250,0.308,0.405,0.307,0.339,94,-1.1,-3.0,-0.4,0.5,12371
Taylor Walls,TBR,54,176,1,15,15,4,13.1%,27.8%,0.086,0.304,0.211,0.314,0.296,0.279,0.282,80,0.0,-4.3,2.9,0.5,22458
Luke Voit,NYY,68,241,11,26,35,0,8.7%,30.7%,0.197,0.313,0.239,0.328,0.437,0.332,0.357,111,-2.9,0.4,-4.2,0.4,14811
Yu Chang,CLE,89,251,9,32,39,1,4.4%,27.5%,0.198,0.281,0.228,0.267,0.426,0.294,0.280,85,1.5,-3.2,-0.9,0.4,14773
Miguel Sano,MIN,135,532,30,68,75,2,11.1%,34.4%,0.243,0.291,0.223,0.312,0.466,0.332,0.320,110,-2.2,4.4,-18.1,0.4,12164
Randal Grichuk,TOR,149,545,22,59,81,0,5.0%,20.9%,0.182,0.266,0.241,0.281,0.423,0.300,0.291,85,-4.9,-14.7,0.6,0.4,10243
Raimel Tapia,COL,133,533,6,69,50,20,7.5%,13.1%,0.099,0.306,0.273,0.327,0.372,0.305,0.278,76,3.7,-12.5,-0.9,0.4,14350
Gavin Sheets,CHW,54,179,11,23,34,0,8.9%,22.3%,0.256,0.264,0.250,0.324,0.506,0.352,0.335,125,-1.9,3.5,-5.4,0.4,19901
Luis Guillorme,NYM,69,156,1,13,5,0,14.7%,14.7%,0.045,0.315,0.265,0.374,0.311,0.311,0.303,99,-0.7,-0.9,-0.2,0.4,16451
Starlin Castro,WSN,87,346,3,25,38,0,7.5%,17.9%,0.092,0.339,0.283,0.333,0.375,0.309,0.323,90,-2.1,-6.5,-0.9,0.4,4579
Chad Pinder,OAK,75,233,6,30,27,1,6.9%,26.6%,0.168,0.313,0.243,0.300,0.411,0.307,0.350,97,-0.6,-1.3,-2.6,0.4,15191
D.J. Stewart,BAL,100,318,12,39,33,0,13.8%,28.0%,0.170,0.254,0.204,0.324,0.374,0.310,0.315,94,1.7,-0.8,-6.1,0.4,17766
Ryan Zimmerman,WSN,110,273,14,27,46,0,5.9%,28.2%,0.227,0.289,0.243,0.286,0.471,0.319,0.299,97,-1.8,-2.8,-2.4,0.4,4220
Travis Jankowski,PHI,76,157,1,24,10,5,14.0%,18.5%,0.099,0.317,0.252,0.364,0.351,0.312,0.282,93,0.7,-0.8,-0.9,0.4,13768
Justin Upton,LAA,89,362,17,47,41,4,10.8%,29.6%,0.198,0.254,0.211,0.296,0.409,0.305,0.317,92,0.9,-2.7,-6.2,0.3,5222
David Fletcher,LAA,157,665,2,74,47,15,4.7%,9.0%,0.062,0.287,0.262,0.297,0.324,0.273,0.279,70,3.3,-20.9,1.6,0.3,17992
Kevin Newman,PIT,148,554,5,50,39,6,4.9%,7.4%,0.083,0.236,0.226,0.265,0.309,0.249,0.277,54,5.1,-27.4,12.4,0.3,17696
Kyle Lewis,SEA,36,147,5,15,11,2,10.9%,25.2%,0.146,0.307,0.246,0.333,0.392,0.320,0.350,107,-0.4,0.8,-2.5,0.3,19508
Bobby Bradley,CLE,74,279,16,36,41,0,9.0%,35.5%,0.237,0.263,0.208,0.294,0.445,0.314,0.328,99,-2.0,-2.5,-3.8,0.3,17278
Billy Hamilton,CHW,71,135,2,23,11,9,3.0%,34.8%,0.157,0.329,0.220,0.242,0.378,0.262,0.215,64,2.9,-3.0,1.6,0.3,10199
Ernie Clement,CLE,40,133,3,16,9,0,5.3%,14.3%,0.107,0.253,0.231,0.285,0.339,0.275,0.289,72,0.7,-3.9,2.5,0.3,20352
Billy McKinney,- - -,116,300,9,32,27,2,10.7%,26.3%,0.166,0.235,0.192,0.280,0.358,0.277,0.289,73,0.2,-9.9,3.1,0.3,15654
Pavin Smith,ARI,145,545,11,68,49,1,7.7%,19.4%,0.137,0.319,0.267,0.328,0.404,0.318,0.316,96,-2.4,-5.2,-9.7,0.3,19892
Andrew Vaughn,CHW,127,469,15,56,48,1,8.7%,21.5%,0.161,0.271,0.235,0.309,0.396,0.306,0.329,94,-3.6,-7.0,-5.9,0.3,26197
Christian Walker,ARI,115,445,10,55,46,0,8.5%,23.8%,0.137,0.307,0.244,0.315,0.382,0.304,0.312,87,1.1,-6.4,-5.2,0.3,13419
Sergio Alcantara,CHC,89,255,5,30,17,3,11.8%,29.0%,0.123,0.280,0.205,0.303,0.327,0.279,0.273,71,0.7,-8.7,3.2,0.3,16417
Derek Hill,DET,49,150,3,19,14,6,6.7%,28.0%,0.129,0.351,0.259,0.313,0.388,0.305,0.286,92,0.3,-1.1,-1.2,0.3,16947
Jason Heyward,CHC,104,353,8,35,30,5,7.6%,19.3%,0.133,0.247,0.214,0.280,0.347,0.275,0.290,68,1.8,-12.4,3.4,0.3,4940
Luis Torrens,SEA,108,378,15,39,47,0,7.4%,26.2%,0.188,0.294,0.243,0.299,0.431,0.311,0.313,101,-1.2,-0.7,-9.5,0.3,15905
Victor Reyes,DET,76,220,5,26,22,5,3.6%,25.0%,0.158,0.327,0.258,0.284,0.416,0.298,0.294,88,1.7,-1.6,-3.2,0.3,15487
DJ Peters,- - -,70,240,13,29,38,2,5.0%,34.2%,0.224,0.237,0.197,0.242,0.422,0.272,0.267,71,0.5,-7.9,2.4,0.3,19348
Alex Kirilloff,MIN,59,231,8,23,34,1,6.1%,22.5%,0.172,0.295,0.251,0.299,0.423,0.307,0.365,93,-0.2,-2.1,-3.2,0.3,20325
Jon Berti,MIA,85,271,4,35,19,8,11.8%,22.5%,0.103,0.265,0.210,0.311,0.313,0.282,0.301,79,2.8,-4.6,-1.9,0.2,12037
Ehire Adrianza,ATL,109,209,5,32,28,0,10.0%,20.1%,0.154,0.290,0.247,0.327,0.401,0.316,0.310,94,0.2,-1.3,-3.2,0.2,8418
Eloy Jimenez,CHW,55,231,10,23,37,0,6.9%,24.7%,0.188,0.293,0.249,0.303,0.437,0.317,0.320,101,-1.6,-1.2,-4.2,0.2,17484
Kyle Garlick,MIN,36,107,5,17,10,1,5.6%,29.9%,0.232,0.286,0.232,0.280,0.465,0.314,0.340,99,-0.3,-0.5,-0.8,0.2,18063
Jose Peraza,NYM,64,154,6,21,20,1,5.8%,16.9%,0.176,0.209,0.204,0.266,0.380,0.280,0.269,79,-0.1,-4.1,1.3,0.2,13593
Dylan Moore,SEA,126,377,12,42,43,21,10.6%,29.4%,0.154,0.229,0.181,0.276,0.334,0.271,0.286,74,1.6,-10.4,-0.4,0.2,18042
Martin Maldonado,HOU,125,426,12,40,36,0,11.0%,29.8%,0.129,0.221,0.172,0.272,0.300,0.258,0.271,63,-5.0,-24.4,11.9,0.2,6887
Yadiel Hernandez,WSN,112,289,9,33,32,3,7.6%,20.4%,0.140,0.318,0.273,0.329,0.413,0.320,0.301,98,-1.7,-2.5,-5.1,0.2,19334
Trevor Larnach,MIN,79,301,7,29,28,1,10.3%,34.6%,0.127,0.338,0.223,0.322,0.350,0.300,0.304,89,-1.4,-5.4,-3.0,0.2,21501
Alex Avila,WSN,34,111,1,5,9,0,17.1%,33.3%,0.157,0.314,0.191,0.345,0.348,0.311,0.298,92,-1.3,-2.5,0.6,0.2,7476
Danny Mendick,CHW,71,186,2,14,20,0,9.7%,22.6%,0.067,0.281,0.220,0.303,0.287,0.268,0.259,68,0.9,-6.3,1.8,0.2,18889
Alex Dickerson,SFG,111,312,13,37,38,1,7.4%,24.4%,0.187,0.273,0.233,0.304,0.420,0.313,0.333,97,-0.5,-1.6,-7.1,0.2,12649
Brian Goodwin,CHW,72,271,8,33,29,1,12.2%,21.4%,0.153,0.259,0.221,0.319,0.374,0.306,0.327,94,0.2,-1.9,-5.7,0.2,12858
Yoshi Tsutsugo,- - -,81,262,8,27,32,0,11.1%,27.5%,0.165,0.278,0.217,0.307,0.383,0.302,0.280,90,-0.6,-3.7,-3.4,0.2,27459
Max Schrock,CIN,53,134,3,19,14,1,6.0%,17.9%,0.160,0.333,0.288,0.328,0.448,0.329,0.293,100,-0.3,-0.3,-2.5,0.2,17750
Anthony Alford,PIT,49,148,5,14,11,5,8.1%,39.2%,0.173,0.371,0.233,0.311,0.406,0.310,0.286,93,-1.1,-2.4,-1.1,0.1,14329
Stephen Vogt,- - -,78,238,7,24,25,0,10.9%,23.5%,0.138,0.230,0.195,0.283,0.333,0.270,0.289,64,0.3,-10.5,3.8,0.1,5000
Nick Gordon,MIN,73,216,4,19,23,10,5.6%,25.5%,0.115,0.310,0.240,0.292,0.355,0.283,0.313,77,0.6,-5.4,-0.7,0.1,16337
Jake Lamb,- - -,55,170,7,25,19,0,12.9%,30.0%,0.174,0.239,0.194,0.306,0.368,0.298,0.314,87,-0.2,-2.9,-1.7,0.1,13329
Jo Adell,LAA,35,140,4,17,26,2,5.7%,22.9%,0.162,0.298,0.246,0.295,0.408,0.303,0.310,90,-0.3,-2.0,-1.7,0.1,20220
Phil Gosselin,LAA,104,373,7,40,47,4,6.4%,21.7%,0.101,0.322,0.261,0.314,0.362,0.297,0.284,87,1.2,-4.9,-6.6,0.1,10953
Seby Zavala,CHW,37,104,5,15,15,0,5.8%,39.4%,0.194,0.255,0.183,0.240,0.376,0.265,0.211,66,0.4,-3.8,1.4,0.1,18887
Cal Raleigh,SEA,47,148,2,6,13,0,4.7%,35.1%,0.129,0.267,0.180,0.223,0.309,0.231,0.227,47,0.0,-9.6,5.6,0.1,21534
Yermin Mercedes,CHW,68,262,7,26,37,0,7.6%,17.6%,0.133,0.309,0.271,0.328,0.404,0.317,0.312,102,-1.2,-0.7,-7.4,0.1,17423
Edward Olivares,KCR,39,111,5,14,12,2,4.5%,17.1%,0.168,0.244,0.238,0.291,0.406,0.301,0.293,88,-0.1,-1.8,-1.1,0.1,19698
Aaron Hicks,NYY,32,126,4,13,14,0,11.1%,23.8%,0.139,0.224,0.194,0.294,0.333,0.279,0.332,76,-0.2,-4.0,0.5,0.1,5297
Daniel Vogelbach,MIL,93,258,9,30,24,0,16.7%,22.1%,0.163,0.255,0.219,0.349,0.381,0.325,0.335,101,-4.1,-3.9,-3.8,0.1,14130
Andy Young,ARI,58,104,6,13,15,0,5.8%,43.3%,0.275,0.317,0.209,0.298,0.484,0.332,0.306,105,-1.5,-0.8,-1.8,0.1,19521
Leody Taveras,TEX,49,185,3,14,9,10,4.9%,32.4%,0.109,0.225,0.161,0.207,0.270,0.209,0.250,29,2.4,-13.8,8.2,0.1,18900
Aristides Aquino,CIN,84,204,10,25,23,2,13.2%,36.8%,0.218,0.253,0.190,0.299,0.408,0.303,0.297,83,0.0,-4.4,-1.6,0.1,15482
Hoy Park,- - -,45,150,3,16,14,1,12.0%,25.3%,0.141,0.250,0.195,0.297,0.336,0.279,0.288,73,-1.0,-6.1,1.7,0.1,18027
Austin Hedges,CLE,88,312,10,32,31,1,4.8%,27.9%,0.129,0.214,0.178,0.220,0.308,0.227,0.229,40,-0.2,-23.3,13.2,0.1,12976
Asdrubal Cabrera,- - -,110,352,7,34,42,1,10.2%,22.7%,0.136,0.283,0.230,0.313,0.366,0.297,0.283,82,-1.9,-9.9,-1.2,0.0,4962
Riley Adams,- - -,47,120,2,13,10,0,12.5%,33.3%,0.162,0.351,0.222,0.358,0.384,0.332,0.317,105,0.1,1.0,-4.5,0.0,19864
Niko Goodrum,DET,90,325,9,39,33,14,8.9%,32.9%,0.145,0.301,0.214,0.292,0.359,0.286,0.302,79,0.3,-8.0,-2.6,0.0,12092
Harold Ramirez,CLE,99,361,7,33,41,3,3.9%,15.5%,0.130,0.301,0.268,0.305,0.398,0.302,0.304,90,1.2,-3.1,-8.7,0.0,14387
Didi Gregorius,PHI,103,408,13,35,54,3,6.1%,16.4%,0.160,0.217,0.209,0.270,0.370,0.275,0.271,68,1.5,-14.8,1.8,0.0,6012
Jordy Mercer,WSN,46,127,2,13,9,0,7.1%,26.8%,0.110,0.341,0.254,0.307,0.364,0.294,0.282,81,-0.2,-3.3,-0.5,0.0,6547
Jason Martin,TEX,58,154,6,14,17,3,5.2%,26.6%,0.146,0.245,0.208,0.248,0.354,0.260,0.276,63,0.7,-6.3,1.3,0.0,16429
Nick Ahmed,ARI,129,473,5,46,38,7,7.2%,22.0%,0.118,0.279,0.221,0.280,0.339,0.269,0.248,64,0.6,-21.1,5.5,0.0,12147
Rob Refsnyder,MIN,51,157,2,21,12,1,10.8%,25.5%,0.094,0.327,0.245,0.325,0.338,0.296,0.336,86,-0.5,-3.2,-2.1,0.0,13770
Eric Hosmer,SDP,151,565,12,53,65,5,8.5%,17.5%,0.126,0.313,0.269,0.337,0.395,0.319,0.325,102,-5.5,-3.8,-14.9,0.0,3516
Kole Calhoun,ARI,51,182,5,17,17,1,8.2%,22.5%,0.139,0.281,0.235,0.297,0.373,0.292,0.293,79,0.0,-4.9,-1.2,0.0,11200
William Contreras,ATL,52,185,8,19,23,0,10.3%,29.2%,0.184,0.265,0.215,0.303,0.399,0.303,0.318,86,-0.8,-4.2,-2.3,0.0,20503
Lewin Diaz,MIA,40,128,8,16,13,0,4.7%,25.8%,0.246,0.210,0.205,0.242,0.451,0.288,0.293,82,-0.3,-3.1,-1.6,0.0,18365
Taylor Trammell,SEA,51,178,8,23,18,2,9.6%,42.1%,0.199,0.233,0.160,0.256,0.359,0.270,0.231,73,0.0,-5.8,-0.8,-0.1,19960
Taylor Jones,HOU,35,108,2,11,16,0,3.7%,26.9%,0.157,0.315,0.245,0.269,0.402,0.283,0.245,80,-1.8,-4.4,0.0,-0.1,19533
Michael Chavis,- - -,43,124,3,16,11,1,0.8%,33.9%,0.149,0.351,0.248,0.258,0.397,0.277,0.249,69,-1.0,-5.6,0.6,-0.1,17321
Daz Cameron,DET,35,115,4,16,13,6,8.7%,33.0%,0.165,0.262,0.194,0.278,0.359,0.281,0.283,76,2.3,-1.1,-3.8,-0.1,18353
Eli White,TEX,64,220,6,26,15,4,8.2%,30.0%,0.131,0.230,0.177,0.259,0.308,0.253,0.251,58,0.2,-11.0,2.5,-0.1,19346
Luke Williams,PHI,58,108,1,8,6,2,9.3%,21.3%,0.071,0.311,0.245,0.315,0.316,0.283,0.266,74,0.1,-3.5,-1.1,-0.1,19931
Pedro Severino,BAL,113,419,11,32,46,0,8.1%,26.0%,0.135,0.314,0.248,0.308,0.383,0.299,0.308,87,-3.9,-10.8,-4.6,-0.1,14523
Abraham Almonte,ATL,64,175,5,20,19,1,14.9%,21.7%,0.182,0.255,0.216,0.331,0.399,0.321,0.315,97,-1.4,-2.0,-5.0,-0.1,5486
Andrew Stevenson,WSN,109,214,5,22,23,1,6.1%,29.0%,0.109,0.307,0.228,0.292,0.337,0.275,0.294,68,0.7,-8.0,-0.3,-0.1,17932
Cavan Biggio,TOR,79,294,7,27,27,3,12.6%,26.5%,0.132,0.290,0.224,0.322,0.356,0.298,0.281,84,-1.3,-7.1,-4.2,-0.1,19252
Cole Tucker,PIT,43,131,2,15,12,2,9.9%,25.2%,0.120,0.289,0.222,0.298,0.342,0.282,0.276,75,-0.7,-4.9,-0.8,-0.1,17326
Nick Senzel,CIN,36,124,1,18,8,2,9.7%,12.9%,0.063,0.284,0.252,0.323,0.315,0.286,0.352,72,-0.2,-4.6,-0.8,-0.1,19293
Mauricio Dubon,SFG,74,187,5,20,22,2,4.8%,21.9%,0.137,0.282,0.240,0.278,0.377,0.278,0.268,75,-1.5,-7.6,0.0,-0.1,16530
Jose Rojas,LAA,61,184,6,26,15,2,8.2%,27.2%,0.190,0.259,0.208,0.277,0.399,0.292,0.290,83,-1.0,-4.9,-2.9,-0.1,19331
Hunter Dozier,KCR,144,543,16,55,54,5,7.9%,28.4%,0.179,0.276,0.216,0.285,0.394,0.293,0.297,82,-1.4,-13.3,-6.7,-0.2,15117
Josh Reddick,ARI,54,158,2,15,21,0,3.8%,19.6%,0.113,0.311,0.258,0.285,0.371,0.283,0.287,73,-0.6,-6.1,-0.7,-0.2,3892
Brent Rooker,MIN,58,213,9,25,16,0,7.0%,32.9%,0.196,0.264,0.201,0.291,0.397,0.301,0.337,89,1.0,-1.8,-7.0,-0.2,19627
Mike Brosseau,TBR,57,169,5,21,18,2,8.9%,31.4%,0.160,0.245,0.187,0.266,0.347,0.268,0.274,73,-0.9,-6.5,-0.8,-0.2,19683
Jorge Soler,- - -,149,602,27,74,70,0,11.1%,23.6%,0.209,0.250,0.223,0.316,0.432,0.323,0.351,100,-6.8,-6.0,-15.8,-0.2,14221
Lewis Brinson,MIA,89,290,9,24,33,1,4.5%,24.8%,0.150,0.273,0.226,0.263,0.376,0.275,0.283,74,-0.7,-10.4,-0.9,-0.2,14352
Magneuris Sierra,MIA,123,225,0,27,5,11,6.7%,22.2%,0.038,0.302,0.230,0.281,0.268,0.239,0.240,51,4.0,-10.1,0.9,-0.2,17023
Albert Pujols,- - -,109,296,17,29,50,2,4.7%,15.2%,0.196,0.223,0.236,0.284,0.433,0.302,0.322,90,-2.4,-6.0,-5.7,-0.2,1177
Mike Tauchman,- - -,75,191,4,22,15,3,12.0%,30.4%,0.102,0.250,0.181,0.284,0.283,0.260,0.271,63,-0.4,-9.4,1.1,-0.2,15274
Danny Santana,BOS,38,127,5,15,14,4,7.9%,23.6%,0.164,0.198,0.181,0.252,0.345,0.261,0.273,58,0.2,-6.3,0.1,-0.2,10322
Luis Garcia,WSN,70,247,6,29,22,0,4.5%,17.4%,0.169,0.273,0.242,0.275,0.411,0.291,0.277,79,-0.5,-7.1,-3.0,-0.2,20391
Jake Marisnick,- - -,99,198,5,21,24,4,5.6%,32.8%,0.159,0.306,0.216,0.286,0.375,0.287,0.257,78,0.0,-5.6,-3.0,-0.2,11339
Travis Shaw,- - -,84,250,9,20,39,0,9.6%,27.2%,0.173,0.243,0.200,0.286,0.373,0.289,0.301,78,-0.6,-7.7,-2.6,-0.2,11982
Jarrod Dyson,- - -,102,149,0,17,10,10,6.7%,22.1%,0.081,0.272,0.207,0.260,0.289,0.243,0.248,48,0.8,-8.7,1.5,-0.2,4866
Rowdy Tellez,- - -,106,325,11,34,36,0,7.1%,20.0%,0.172,0.275,0.242,0.305,0.414,0.306,0.335,89,-0.3,-4.8,-8.2,-0.2,15679
Alec Bohm,PHI,115,417,7,46,47,4,7.4%,26.6%,0.095,0.327,0.247,0.305,0.342,0.285,0.313,75,-2.5,-15.7,-0.2,-0.2,21618
Miguel Andujar,NYY,45,162,6,19,12,0,4.3%,17.3%,0.130,0.273,0.253,0.284,0.383,0.288,0.304,81,-1.6,-5.3,-2.4,-0.2,15878
Mitch Moreland,OAK,81,252,10,28,30,0,7.1%,23.0%,0.188,0.256,0.227,0.286,0.415,0.300,0.296,93,-1.9,-4.1,-6.6,-0.2,3086
Colin Moran,PIT,99,359,10,29,50,1,10.0%,24.2%,0.132,0.321,0.258,0.334,0.390,0.318,0.311,98,-5.3,-6.1,-8.3,-0.2,16909
Roberto Perez,CLE,44,161,7,13,17,1,10.6%,34.8%,0.170,0.179,0.149,0.245,0.319,0.251,0.298,56,0.2,-8.5,0.5,-0.3,2900
Carlos Santana,KCR,158,659,19,66,69,2,13.1%,15.5%,0.127,0.227,0.214,0.319,0.342,0.294,0.334,83,-0.8,-14.6,-10.5,-0.3,2396
Marcell Ozuna,ATL,48,208,7,21,26,0,9.1%,22.1%,0.144,0.244,0.213,0.288,0.356,0.284,0.344,73,-1.3,-8.3,-1.3,-0.3,10324
Brock Holt,TEX,77,260,2,21,23,5,8.8%,18.8%,0.089,0.254,0.209,0.281,0.298,0.259,0.279,62,-1.6,-13.6,2.0,-0.3,9345
Juan Lagares,LAA,112,327,6,39,38,1,3.7%,23.2%,0.136,0.294,0.236,0.266,0.372,0.274,0.281,71,-0.9,-12.5,-1.4,-0.3,5384
Adam Eaton,- - -,84,288,6,38,30,3,7.6%,24.7%,0.126,0.253,0.201,0.282,0.327,0.271,0.274,70,1.2,-9.5,-3.4,-0.3,11205
Joshua Fuentes,COL,95,284,7,30,33,0,4.2%,22.9%,0.125,0.270,0.225,0.257,0.351,0.261,0.228,48,2.2,-16.8,4.2,-0.3,16885
Jake Cave,MIN,76,178,3,14,13,1,5.6%,34.8%,0.104,0.283,0.189,0.249,0.293,0.241,0.268,49,1.3,-9.9,0.6,-0.3,14477
Ryan McKenna,BAL,90,197,2,20,14,1,12.2%,37.6%,0.083,0.312,0.183,0.292,0.266,0.259,0.279,59,1.6,-8.2,-1.7,-0.3,19928
Matt Carpenter,STL,130,249,3,18,21,2,14.1%,30.9%,0.106,0.250,0.169,0.305,0.275,0.269,0.342,70,0.4,-9.2,-2.3,-0.3,8090
Maikel Franco,BAL,104,403,11,31,47,0,5.0%,16.6%,0.146,0.225,0.210,0.253,0.355,0.263,0.268,62,-1.2,-20.0,3.0,-0.3,12179
Jose Marmolejos,SEA,41,122,4,11,12,0,12.3%,32.0%,0.151,0.203,0.160,0.262,0.311,0.256,0.278,64,0.5,-4.9,-2.7,-0.3,15767
Khris Davis,- - -,42,114,3,11,10,0,8.8%,27.2%,0.157,0.257,0.206,0.272,0.363,0.274,0.310,74,-0.5,-4.1,-3.3,-0.4,9112
Eric Sogard,CHC,78,180,1,16,12,3,5.0%,16.7%,0.065,0.293,0.249,0.283,0.314,0.259,0.226,59,-1.9,-11.4,1.8,-0.4,7927
Willi Castro,DET,125,450,9,56,38,9,5.1%,24.2%,0.131,0.275,0.220,0.273,0.351,0.271,0.287,69,2.0,-15.1,-3.8,-0.4,17338
Wilson Ramos,- - -,44,163,8,15,20,0,5.5%,22.1%,0.192,0.213,0.205,0.248,0.397,0.275,0.301,72,-1.3,-6.9,-2.5,-0.4,1433
Kurt Suzuki,LAA,72,247,6,17,16,0,4.9%,17.8%,0.119,0.250,0.224,0.294,0.342,0.282,0.262,76,-1.9,-9.2,-3.1,-0.4,8259
Jonathan Davis,- - -,64,103,1,20,4,4,11.7%,25.2%,0.046,0.164,0.126,0.252,0.172,0.210,0.285,25,0.3,-9.1,1.8,-0.4,15104
Gerardo Parra,WSN,53,107,2,13,10,1,5.6%,28.0%,0.113,0.318,0.237,0.292,0.351,0.282,0.250,73,-1.4,-5.1,-2.4,-0.4,8553
Rio Ruiz,- - -,62,141,3,11,10,2,8.5%,27.0%,0.104,0.209,0.168,0.243,0.272,0.231,0.246,37,0.0,-11.0,2.2,-0.4,14103
Mike Moustakas,CIN,62,206,6,21,22,0,8.7%,22.3%,0.164,0.239,0.208,0.282,0.372,0.284,0.276,70,-0.4,-8.2,-2.9,-0.4,4892
John Nogowski,- - -,52,143,1,14,14,0,8.4%,15.4%,0.078,0.271,0.233,0.301,0.310,0.273,0.280,70,-1.8,-7.3,-1.8,-0.4,16852
Luis Rengifo,LAA,54,190,6,22,18,1,4.7%,20.0%,0.109,0.220,0.201,0.246,0.310,0.244,0.292,50,1.1,-10.5,-0.4,-0.4,19858
Alex Jackson,- - -,52,151,3,13,12,0,8.6%,48.3%,0.099,0.273,0.137,0.252,0.237,0.227,0.221,41,-0.2,-11.6,2.0,-0.5,17276
Richie Martin,BAL,37,105,1,9,8,0,3.8%,26.7%,0.051,0.314,0.235,0.269,0.286,0.246,0.237,51,-1.7,-8.1,-0.1,-0.5,17736
Andrelton Simmons,MIN,131,451,3,37,31,1,7.1%,13.7%,0.051,0.256,0.223,0.283,0.274,0.252,0.261,56,-1.5,-25.5,5.5,-0.5,10847
Zach McKinstry,LAD,60,172,7,19,29,1,5.8%,29.1%,0.190,0.262,0.215,0.263,0.405,0.282,0.267,77,-0.5,-5.5,-5.0,-0.5,19392
Kevan Smith,- - -,33,106,0,8,3,0,9.4%,29.2%,0.032,0.250,0.168,0.248,0.200,0.196,0.220,17,-0.1,-11.3,2.9,-0.5,12284
Dominic Smith,NYM,145,493,11,43,58,2,6.5%,22.7%,0.119,0.298,0.244,0.304,0.363,0.291,0.323,86,-4.0,-12.7,-8.6,-0.5,15653
Shogo Akiyama,CIN,88,183,0,16,12,2,7.7%,21.9%,0.049,0.268,0.204,0.282,0.253,0.243,0.275,44,1.0,-12.0,0.8,-0.5,27461
Phillip Evans,PIT,76,247,5,23,16,1,11.3%,21.5%,0.093,0.250,0.206,0.312,0.299,0.278,0.312,73,0.0,-8.6,-4.7,-0.5,12950
Shed Long Jr.,SEA,34,121,4,13,17,1,7.4%,32.2%,0.162,0.265,0.198,0.258,0.360,0.268,0.257,72,-1.1,-5.2,-4.1,-0.5,16542
Victor Robles,WSN,107,369,2,37,19,8,8.9%,23.0%,0.092,0.271,0.203,0.310,0.295,0.274,0.286,67,-3.4,-18.7,1.2,-0.5,18363
Josh VanMeter,ARI,112,310,6,26,36,3,10.6%,26.8%,0.142,0.278,0.212,0.297,0.354,0.287,0.272,75,-1.5,-11.2,-4.4,-0.5,15170
Nomar Mazara,DET,50,181,3,12,19,0,8.3%,24.9%,0.109,0.271,0.212,0.276,0.321,0.264,0.271,64,0.1,-7.9,-3.7,-0.5,14553
Jarren Duran,BOS,33,112,2,17,10,2,3.6%,35.7%,0.121,0.318,0.215,0.241,0.336,0.247,0.241,49,0.6,-6.4,-2.8,-0.5,24617
Josh Naylor,CLE,69,250,7,28,21,1,5.6%,18.0%,0.146,0.287,0.253,0.301,0.399,0.302,0.304,90,-1.4,-4.4,-9.6,-0.6,18839
Willie Calhoun,TEX,75,284,6,26,25,0,7.4%,12.0%,0.131,0.267,0.250,0.310,0.381,0.301,0.322,91,-4.0,-7.2,-8.0,-0.6,17838
Robel Garcia,HOU,47,117,1,8,8,0,6.8%,35.9%,0.057,0.234,0.151,0.216,0.208,0.194,0.224,20,-0.4,-11.8,2.2,-0.6,13167
Kelvin Gutierrez,- - -,85,295,3,23,20,0,6.4%,25.8%,0.085,0.311,0.232,0.292,0.316,0.270,0.261,67,-2.2,-14.1,-1.7,-0.6,17468
Stephen Piscotty,OAK,72,188,5,14,16,1,6.9%,25.5%,0.133,0.275,0.220,0.282,0.353,0.279,0.289,78,-1.0,-6.0,-6.3,-0.6,13367
Ka'ai Tom,- - -,48,133,2,10,12,1,12.8%,27.1%,0.093,0.178,0.139,0.278,0.231,0.239,0.286,47,-0.5,-9.3,-1.1,-0.6,18136
David Bote,CHC,97,327,8,32,35,0,8.3%,22.3%,0.131,0.235,0.199,0.276,0.330,0.268,0.310,64,-3.1,-18.1,1.2,-0.6,14593
Sandy Leon,MIA,84,220,4,15,14,0,5.5%,29.5%,0.084,0.244,0.183,0.237,0.267,0.225,0.215,42,-1.6,-18.0,4.4,-0.6,5273
Zack Short,DET,61,184,6,21,20,2,12.0%,32.1%,0.141,0.165,0.141,0.239,0.282,0.230,0.243,41,0.1,-13.1,0.3,-0.7,19562
Victor Caratini,SDP,116,356,7,33,39,2,9.8%,23.0%,0.096,0.281,0.227,0.309,0.323,0.273,0.289,72,-4.9,-17.4,-0.9,-0.7,14968
Miguel Cabrera,DET,130,526,15,48,75,0,7.6%,22.4%,0.129,0.305,0.256,0.316,0.386,0.305,0.311,92,-6.3,-11.4,-13.0,-0.7,1744
Jake Bauers,- - -,115,315,4,27,19,6,9.5%,24.8%,0.067,0.275,0.209,0.290,0.277,0.257,0.296,63,0.4,-14.0,-3.4,-0.7,15194
Marwin Gonzalez,- - -,91,307,5,30,28,3,6.5%,25.4%,0.105,0.258,0.199,0.275,0.304,0.259,0.278,58,-2.0,-17.8,0.7,-0.7,5497
Tim Locastro,- - -,64,156,2,15,7,5,4.5%,21.2%,0.072,0.219,0.180,0.263,0.252,0.237,0.258,44,0.3,-10.8,-1.1,-0.7,15124
Isan Diaz,MIA,89,277,4,25,17,1,12.3%,26.4%,0.088,0.256,0.193,0.293,0.282,0.253,0.273,60,0.3,-14.0,-2.0,-0.7,17922
Evan White,SEA,30,104,2,8,9,0,5.8%,29.8%,0.093,0.188,0.144,0.202,0.237,0.197,0.240,24,0.5,-9.1,-1.3,-0.7,20078
Jarred Kelenic,SEA,93,377,14,41,43,6,9.5%,28.1%,0.169,0.216,0.181,0.265,0.350,0.270,0.306,73,1.3,-11.0,-8.7,-0.7,22558
Carter Kieboom,WSN,62,249,6,26,20,0,10.0%,24.9%,0.111,0.258,0.207,0.301,0.318,0.275,0.302,68,-1.9,-11.9,-3.2,-0.7,19958
Zack Collins,CHW,78,231,4,25,26,1,14.7%,29.9%,0.128,0.303,0.210,0.330,0.338,0.300,0.322,90,-1.1,-3.9,-10.8,-0.7,19181
Erik Gonzalez,PIT,71,229,2,17,21,2,3.5%,17.5%,0.068,0.274,0.232,0.258,0.300,0.244,0.272,50,-1.9,-16.4,1.6,-0.7,13369
Keston Hiura,MIL,61,197,4,16,19,3,7.1%,39.1%,0.133,0.269,0.168,0.256,0.301,0.250,0.278,52,1.3,-10.7,-3.1,-0.7,20003
Jurickson Profar,SDP,137,412,4,47,33,10,11.9%,15.8%,0.093,0.266,0.227,0.329,0.320,0.293,0.301,85,-1.9,-9.6,-11.3,-0.7,10815
Ryan O'Hearn,KCR,84,254,9,23,29,0,5.1%,28.0%,0.144,0.277,0.225,0.268,0.369,0.274,0.292,70,-2.1,-11.5,-4.4,-0.7,16442
Franchy Cordero,BOS,48,136,1,12,9,1,5.9%,37.5%,0.071,0.307,0.189,0.237,0.260,0.222,0.239,32,0.6,-10.8,-1.4,-0.8,14567
David Dahl,TEX,63,220,4,19,18,2,4.5%,26.8%,0.112,0.269,0.210,0.247,0.322,0.246,0.295,54,-0.7,-13.1,-2.0,-0.8,13744
Justin Williams,STL,51,137,4,10,11,0,12.4%,33.6%,0.101,0.217,0.160,0.270,0.261,0.229,0.314,44,-0.6,-10.4,-2.0,-0.8,15490
Cody Bellinger,LAD,95,350,10,39,36,3,8.9%,26.9%,0.137,0.196,0.165,0.240,0.302,0.237,0.276,48,2.1,-21.2,1.8,-0.8,15998
Jackie Bradley Jr.,MIL,134,428,6,39,29,7,6.5%,30.8%,0.098,0.226,0.163,0.236,0.261,0.224,0.255,35,2.1,-33.1,10.9,-0.8,12984
Willians Astudillo,MIN,73,216,7,17,21,0,1.4%,5.6%,0.139,0.221,0.236,0.259,0.375,0.272,0.278,70,-3.5,-11.4,-4.4,-0.8,15608
Michael Perez,PIT,70,231,7,19,21,0,8.2%,29.4%,0.148,0.170,0.143,0.221,0.290,0.225,0.243,38,-0.5,-18.7,2.5,-0.9,12977
Clint Frazier,NYY,66,218,5,20,15,2,14.7%,29.8%,0.131,0.257,0.186,0.317,0.317,0.289,0.311,82,-2.4,-7.1,-9.3,-0.9,15983
Austin Wynns,BAL,45,139,4,14,14,1,5.8%,22.3%,0.123,0.211,0.185,0.232,0.308,0.236,0.239,44,-1.3,-10.8,-3.3,-0.9,15271
Pat Valaika,BAL,91,281,5,17,25,1,5.7%,27.0%,0.089,0.260,0.201,0.250,0.290,0.238,0.267,46,-1.2,-19.9,0.8,-1.0,14885
Andrew Knizner,STL,63,185,1,18,9,0,10.8%,21.1%,0.062,0.223,0.174,0.281,0.236,0.238,0.271,50,-1.5,-13.3,-2.5,-1.0,19514
JaCoby Jones,DET,36,105,2,9,9,2,4.8%,40.0%,0.080,0.268,0.170,0.210,0.250,0.204,0.249,24,-0.8,-10.6,-2.7,-1.0,14818
Andrew Knapp,PHI,62,159,2,13,11,0,6.3%,38.4%,0.062,0.241,0.152,0.215,0.214,0.196,0.229,17,1.5,-15.2,-0.8,-1.1,14942
Owen Miller,CLE,60,202,4,17,18,2,4.5%,26.7%,0.105,0.261,0.204,0.243,0.309,0.241,0.264,49,-2.3,-15.0,-2.8,-1.1,24655
Gregory Polanco,PIT,107,382,11,38,36,14,9.4%,27.2%,0.146,0.258,0.208,0.283,0.354,0.275,0.313,71,1.9,-12.3,-11.9,-1.2,12907
Joe Panik,- - -,95,257,3,17,18,2,6.6%,13.2%,0.076,0.230,0.208,0.266,0.284,0.244,0.275,51,-2.0,-17.8,-2.4,-1.2,11936